Exp,HMI,VP,TC01_Duration,TC01_Surt_AOI_Attention_Ratio,TC01_street_AOI_Attention_Ratio,TC01_ic_AOI_Attention_Ratio,TC01_wheel_AOI_Attention_Ratio,TC01_EyesOnAOIs,TC01_valid,TC01_Comment,TC04_Duration,TC04_Surt_AOI_Attention_Ratio,TC04_street_AOI_Attention_Ratio,TC04_ic_AOI_Attention_Ratio,TC04_wheel_AOI_Attention_Ratio,TC04_EyesOnAOIs,TC04_valid,TC04_Comment,TC07_Duration,TC07_Surt_AOI_Attention_Ratio,TC07_street_AOI_Attention_Ratio,TC07_ic_AOI_Attention_Ratio,TC07_wheel_AOI_Attention_Ratio,TC07_EyesOnAOIs,TC07_valid,TC07_Comment,TC01_Lvl_start,TC01_Lvl_end,TC01_prop_L0,TC01_prop_L2,TC01_prop_L3,TC04_Lvl_start,TC04_Lvl_end,TC04_prop_L0,TC04_prop_L2,TC04_prop_L3,TC07_Lvl_start,TC07_Lvl_end,TC07_prop_L0,TC07_prop_L2,TC07_prop_L3
1,HC,1,69.536,1.293,74.242,14.695,0.933,0.91,1,,72.265,73.489,12.991,1.799,0,0.88,1,,71.095,0,69.161,27.182,0.772,0.97,1,,0,0,1,0,0,3,3,0,0,1,2,2,0,1,0
1,HC,2,65.71,0,62.467,28.499,0.785,0.92,1,,70.984,24.004,24.073,31.145,0.848,0.80,1,,71.56,1.544,48.262,39.627,0.823,0.90,1,,0,0,1,0,0,3,3,0,0,1,2,2,0,1,0
1,HC,3,73.713,0,89.5,8.696,0,0.98,1,,72.549,98.861,0.591,0,0,0.99,1,,71.756,0,65.59,29.949,0,0.96,1,,0,0,1,0,0,3,3,0,0,1,2,2,0,1,0
1,HC,4,70.502,0,75.482,17.889,0,0.93,1,,72.116,71.813,19.607,3.15,0,0.95,1,,71.903,0,92.284,6.581,0,0.99,1,,0,0,1,0,0,3,3,0,0,1,2,2,0,1,0
1,HC,5,70.389,0.426,71.217,27.499,0.307,0.99,1,,71.146,6.418,76.803,8.855,0,0.92,1,,70.941,1.147,46.522,48.392,1.9,0.98,1,,0,0,1,0,0,3,3,0,0,1,2,2,0,1,0
1,HC,6,71.46,0.97,71.226,22.74,0.735,0.96,1,,72.487,91.185,2.347,0.563,0,0.94,1,,71.814,0,70.619,12.265,0,0.83,1,,0,0,1,0,0,3,3,0,0,1,2,2,0,1,0
1,HC,7,69.634,0,49.846,43.291,0,0.93,1,,71.966,76.647,0.207,6.735,0,0.84,1,,71.812,0,62.991,22.308,0,0.85,1,,0,0,1,0,0,3,3,0,0,1,2,2,0,1,0
1,HC,8,72.367,0,71.414,28.887,0,1.00,1,,71.184,75.473,5.878,12.905,0,0.94,1,,71.933,0,80.119,18.841,0,0.99,1,,0,0,1,0,0,3,3,0,0,1,2,2,0,1,0
1,HC,9,70.668,0,53.876,39.565,0,0.93,1,,69.394,92.877,0.385,0,0,0.93,1,,69.887,0.312,59.432,27.632,0.527,0.88,1,,0,0,1,0,0,3,3,0,0,1,2,2,0,1,0
1,HC,10,70.268,0,68.373,28.24,0,0.97,1,,71.976,88.398,5.51,2.195,0,0.96,1,,71.917,0,74.469,18.425,0,0.93,1,,0,0,1,0,0,3,3,0,0,1,2,2,0,1,0
1,HC,11,72.613,0,59.182,37.949,0,0.97,1,,72.118,95.362,0,2.302,0,0.98,1,,71.362,1.589,58.336,34.6,0,0.95,1,,0,0,1,0,0,3,3,0,0,1,2,2,0,1,0
1,HC,12,69.629,1.567,74.042,17.438,3.105,0.96,1,,58.652,92.222,1.26,1.127,0,0.95,1,,72.079,3.283,57.623,28.506,0,0.89,1,,0,0,1,0,0,3,3,0,0,1,2,2,0,1,0
1,HC,13,67.811,2.261,46.596,34.893,12.97,0.97,1,,72.351,82.749,10.996,2.572,0,0.96,1,,72.505,9.965,26.164,44.022,8.197,0.88,1,,0,0,1,0,0,3,3,0,0,1,2,2,0,1,0
1,HC,17,67.69,0,81.188,12.186,0,0.93,1,,72.145,96.21,1.724,0.207,0,0.98,1,,72.093,0,82.402,11.801,0,0.94,1,,0,0,1,0,0,3,3,0,0,1,2,2,0,1,0
1,HC,18,69.29,0,88.375,8.574,0.827,0.98,1,,71.317,96.387,0.219,1.719,0,0.98,1,,71.741,0,80.478,13.848,0,0.94,1,,0,0,1,0,0,3,3,0,0,1,2,2,0,1,0
1,HC,19,67.34,0.582,86.329,12.106,0,0.99,1,,73.511,72.269,6.282,16.2,1.155,0.96,1,,72.209,1.987,85.145,9.273,0.252,0.97,1,,0,0,1,0,0,3,3,0,0,1,2,2,0,1,0
1,HC,20,73.332,0,70.893,27.868,0,0.99,1,,70.578,89.478,3.256,1.928,0,0.95,1,,72.159,0,78.198,18.49,0,0.97,1,,0,0,1,0,0,3,3,0,0,1,2,2,0,1,0
1,HC,21,78.65,0,78.145,16.056,0,0.94,1,,72.696,92.859,2.634,1.648,0,0.97,1,,72.135,0,84.342,10.967,0,0.95,1,,0,0,1,0,0,3,3,0,0,1,2,2,0,1,0
1,HC,22,70.677,0,73.053,20.691,0,0.94,1,,71.951,88.452,1.016,6.756,0,0.96,1,,71.405,0.57,25.294,63.141,0,0.89,1,,0,0,1,0,0,3,3,0,0,1,2,2,0,1,0
1,HC,23,73.774,0,59.434,33.226,0,0.93,1,,78.01,83.511,6.804,5.826,0.724,0.97,1,,71.981,0,56.85,35.083,0,0.92,1,,0,0,1,0,0,0,3,0.029680999,0.00998613,0.960332871,2,2,0,1,0
1,HC,24,73.067,0,82.842,16.343,0,0.99,1,,71.624,77.179,10.527,3.923,0,0.92,1,,71.436,0,87.358,10.696,0,0.98,1,,0,0,1,0,0,3,3,0,0,1,2,2,0,1,0
1,HC,25,71.904,0,74.627,24.004,0,0.99,1,,73.786,79.537,8.037,3.693,0,0.91,1,,71.672,1.026,45.35,37.68,0,0.84,1,,0,0,1,0,0,3,3,0,0,1,2,2,0,1,0
1,LC,51,66.647,0,66.909,33.404,0,1.00,1,,72.83,87.364,0,10.649,0.168,0.98,1,,72.016,0,45.994,54.37,0,1.00,1,,0,0,1,0,0,3,3,0,0,1,2,2,0,1,0
1,LC,53,65.095,0,65.699,29.778,0,0.95,1,,72.064,61.473,6.738,22.663,0,0.91,1,,72.191,0,61.075,34.249,0,0.95,1,,0,0,1,0,0,3,3,0,0,1,2,2,0,1,0
1,LC,54,71.088,0,80.074,17.767,0,0.98,1,,71.663,95.645,1.394,1.69,0,0.99,1,,71.648,0.74,41.126,57.981,0,1.00,1,,0,0,1,0,0,3,3,0,0,1,2,2,0,1,0
1,LC,55,69.925,0,69.865,23.993,0,0.94,1,,71.785,90.835,3.718,3.265,0,0.98,1,,71.957,1.705,59.123,29.645,1.702,0.92,1,,0,0,1,0,0,3,3,0,0,1,2,2,0,1,0
1,LC,56,74.274,0,80.966,16.018,0,0.97,1,,72.031,1.447,70.524,20.563,1.272,0.94,1,,70.793,0,62.075,34.515,0,0.97,1,,0,0,1,0,0,3,3,0,0,1,2,2,0,1,0
1,LC,57,75.385,0,82.735,17.189,0,1.00,1,,70.494,1.338,86.585,11.375,0,0.99,1,,70.385,0,79.075,20.666,0,1.00,1,,0,0,1,0,0,3,3,0,0,1,2,2,0,1,0
1,LC,58,72.434,0,70.826,14.825,0,0.86,1,,73.049,97.608,0.846,0.364,0,0.99,1,,71.807,0,77.785,20.084,0,0.98,1,,0,0,1,0,0,3,3,0,0,1,2,2,0,1,0
1,LC,59,64.152,0,77.589,17.75,0,0.95,1,,70.896,95.448,1.234,0.473,0,0.97,1,,71.217,0,79.21,17.351,0,0.97,1,,0,0,1,0,0,3,3,0,0,1,2,2,0,1,0
1,LC,60,71.461,0,73.254,22.825,0,0.96,1,,70.047,65.659,28.007,3.819,0,0.97,1,,69.558,0,59.914,37.751,0,0.98,1,,0,0,1,0,0,3,3,0,0,1,2,2,0,1,0
1,LC,61,64.516,0,77.713,20.697,0,0.98,1,,71.797,92.919,0,1.536,0,0.94,1,,68.766,0,67.129,15.394,0,0.83,1,,0,0,1,0,0,3,3,0,0,1,2,2,0,1,0
1,LC,62,75.834,0,77.977,15.129,0,0.93,1,,71.51,0.885,91.896,2.958,0.192,0.96,1,,71.283,0,64.25,32.698,0,0.97,1,,0,0,1,0,0,3,3,0,0,1,2,2,0,1,0
1,LC,63,66.19,0,74.685,22.683,0,0.97,1,,72.463,93.347,1.057,1.931,0,0.96,1,,70.702,0.406,76.185,17.2,0,0.94,1,,0,0,1,0,0,3,3,0,0,1,2,2,0,1,0
1,LC,65,68.568,0,58.606,37.221,0,0.96,1,,72.261,95.583,2.79,0.814,0,0.99,1,,71.879,0,73.703,24.536,0,0.98,1,,0,0,1,0,0,3,3,0,0,1,2,2,0,1,0
1,LC,66,62.876,0,78.765,17.593,0,0.96,1,,72.715,73.263,13.422,2.301,0,0.89,1,,71.545,0.233,62.837,29.011,0,0.92,1,,0,0,1,0,0,3,3,0,0,1,2,2,0,1,0
1,LC,67,72.201,0,93.636,5.853,0,0.99,1,,71.951,0.4,57.072,33.986,2.275,0.94,1,,70.313,0,79.029,19.956,0,0.99,1,,0,0,1,0,0,3,3,0,0,1,2,2,0,1,0
1,LC,68,70.52,0,69.986,20.296,0,0.90,1,,72.162,97.758,0.88,0.18,0,0.99,1,,71.698,0,56.336,37.606,0,0.94,1,,0,0,1,0,0,3,3,0,0,1,2,2,0,1,0
1,LC,69,73.473,0,74.774,24.178,0,0.99,1,,72.377,96.821,0,0.231,0,0.97,1,,71.294,0,61.934,34.22,0,0.96,1,,0,0,1,0,0,3,3,0,0,1,2,2,0,1,0
1,LC,70,61.909,0,77.045,16.742,0.375,0.94,1,,72.155,65.406,10.375,15.953,0,0.92,1,,71.567,0.356,35.768,50.423,0,0.87,1,,0,0,1,0,0,3,3,0,0,1,2,2,0,1,0
1,LC,71,70.456,0,87.497,12.72,0,1.00,1,,71.067,97.232,0,1.727,0,0.99,1,,71.741,0,51.556,47.048,0,0.99,1,,0,0,1,0,0,3,3,0,0,1,2,2,0,1,0
1,LC,72,70.938,0,64.019,36.22,0,1.00,1,,72.097,98.797,0,0.786,0,1.00,1,,72.331,0,78.58,18.171,0,0.97,1,,0,0,1,0,0,3,3,0,0,1,2,2,0,1,0
1,LC,73,74.649,0,82.758,15.2,0,0.98,1,,72.593,91.159,0.284,0.205,0,0.92,1,,70.415,0,68.447,31.255,0,1.00,1,,0,0,1,0,0,3,3,0,0,1,2,2,0,1,0
1,LC,74,69.919,0,76.534,22.277,0,0.99,1,,72.602,70.678,8.54,14.628,0,0.94,1,,71.212,0.365,57.106,41.492,0,0.99,1,,0,0,1,0,0,3,3,0,0,1,2,2,0,1,0
1,LC,75,70.324,0,78.545,20.895,0,0.99,1,,72.194,1.52,66.903,29.858,0,0.98,1,,69.914,27.338,45.513,24.187,0,0.97,1,,0,0,1,0,0,3,3,0,0,1,2,2,0,1,0
1,LC,76,73.297,0,76.726,19.2,0,0.96,1,,64.059,76.259,17.676,0.234,0,0.94,1,,81.881,0.308,81.919,14.249,0,0.96,1,,0,0,1,0,0,0,3,0.002504174,0.010016694,0.987479132,2,2,0,1,0
1,LC,77,72.721,0,77.943,20.969,0,0.99,1,,74.231,94.601,0.742,3.059,0,0.98,1,,72.216,0,91.552,8.559,0,1.00,1,,0,0,1,0,0,3,3,0,0,1,2,2,0,1,0
2,HC,4,73.511,0,0,22.726,77.331,1.00,1,,69.238,0,94.928,0,4.477,0.99,1,,74.641,0,0,12.694,85.942,0.99,1,,0,0,1,0,0,3,3,0,0,1,2,2,0,1,0
2,HC,6,73.434,3.825,8.86,55.939,30.836,0.99,0,,83.222,1.067,59.435,20.764,13.791,0.95,1,,74.461,0,0.179,36.349,63.631,1.00,1,,0,3,0.524429967,0.382736156,0.092833876,3,3,0.282087447,0.009873061,0.708039492,2,2,0,1,0
2,HC,7,,,,,,0.00,0,,,,,,,0.00,0,,74.443,0,0.865,21.689,69.356,0.92,1,,0,0,1,0,0,3,3,0,0,1,2,2,0,1,0
2,HC,8,70.128,0,0,28.602,63.025,0.92,1,,69.351,0,0,51.957,42.188,0.94,0,,73.125,0,0,42.438,45.823,0.88,1,,0,0,1,0,0,2,2,0,1,0,2,2,0,1,0
2,HC,9,74.775,0,0,26.07,65.935,0.92,1,,74.09,0,91.165,3.982,2.937,0.98,1,,74.434,0,0,19.667,76.164,0.96,1,,0,0,1,0,0,3,3,0,0,1,2,2,0,1,0
2,HC,10,62.303,0,0,25.578,71.666,0.97,1,,78.075,0,90.253,4.232,4.07,0.99,1,,74.304,0,0.017,10.707,86.707,0.97,1,,0,0,1,0,0,3,3,0,0,1,2,2,0,1,0
2,HC,11,,,,,,0.00,0,,74.291,0,64.032,7.761,1.859,0.74,1,,74.274,0.071,0.162,30.584,57.739,0.89,1,,0,0,1,0,0,3,3,0,0,1,2,2,0,1,0
2,HC,13,72.653,0,0,83.454,1.1,0.85,1,,74.698,0,96.79,0.021,1.36,0.98,1,,74.478,0,0.796,49.476,26.111,0.76,1,,0,0,1,0,0,3,3,0,0,1,2,2,0,1,0
2,HC,14,70.56,3.306,15.839,56.831,0.916,0.77,0,,74.569,0,93.004,3.894,1.489,0.98,1,,74.607,0.227,0,44.637,38.617,0.83,1,,0,3,0.035897436,0.211965812,0.752136752,3,3,0,0,1,2,2,0,1,0
2,HC,15,66.474,0,0.915,47.11,24.428,0.72,1,,71.829,0.043,64.131,20.428,8.346,0.93,1,,75.173,1.039,1.064,33.324,42.513,0.78,1,,0,0,1,0,0,0,3,0.16722408,0.013377926,0.819397993,2,2,0.034810127,0.965189873,0
2,HC,16,73.3,0,0,33.438,63.939,0.97,1,,74.8,0,91.587,0,1.699,0.93,1,,73.732,0,0,29.146,67.55,0.97,1,,0,0,1,0,0,3,3,0,0,1,2,2,0,1,0
2,HC,17,69.703,0,0,22.998,74.271,0.97,1,,73.78,0,63.596,7.785,17.575,0.89,1,,74.24,0.036,0.35,40.35,45.618,0.86,1,,0,0,1,0,0,3,3,0,0,1,2,2,0,1,0
2,HC,18,63.556,0,2.03,0,77.599,0.80,1,,73.602,0.511,85.155,0,7.06,0.93,1,,72.194,0,0,11.203,86.542,0.98,1,,0,0,1,0,0,3,3,0,0,1,2,2,0,1,0
2,HC,19,71.231,0,2.015,27.513,63.964,0.93,1,,74.229,0,94.549,3.094,1.45,0.99,1,,74.428,0,1.626,22.567,69.356,0.94,1,,0,0,1,0,0,3,3,0,0,1,2,2,0,1,0
2,HC,20,65.819,0,0.1,19.016,78.467,0.98,1,,74.057,0.922,63.185,14.81,19.816,0.99,1,,74.021,0.585,0.607,34.308,60.933,0.96,1,,0,0,1,0,0,2,3,0,0.1352657,0.8647343,2,2,0,1,0
2,HC,21,71.696,0,0,20.471,74.954,0.95,1,,74.184,0,94.814,2.354,2.057,0.99,1,,74.279,0,0.18,20.548,73.633,0.94,1,,0,0,1,0,0,3,3,0,0,1,2,2,0,1,0
2,HC,23,71.102,0,0,40.756,51.88,0.93,1,,74.271,0,85.678,5.313,6.132,0.97,1,,74.089,0,1.442,24.12,61.522,0.87,1,,0,0,1,0,0,3,3,0,0,1,2,2,0,1,0
2,HC,24,79.196,0,0.325,49.687,48.451,0.98,1,,74.084,0,75,3.484,10.489,0.89,1,,74.345,0,0,54.827,43.583,0.98,1,,0,0,1,0,0,3,3,0,0,1,2,2,0,1,0
2,HC,25,69.859,0,0,24.051,72.731,0.97,1,,73.967,0,64.702,20.661,12.842,0.98,1,,73.793,0,0.022,12.363,83.565,0.96,1,,0,0,1,0,0,3,3,0,0,1,2,2,0,1,0
2,HC,26,66.064,0,0.781,45.353,51.349,0.97,1,,73.97,0,96.292,0,2.943,0.99,1,,74.171,0,0,61.188,35.705,0.97,1,,0,0,1,0,0,3,3,0,0,1,2,2,0,1,0
2,HC,27,81.511,0,0,30.379,66.019,0.96,1,,74.099,0,43.712,14.999,26.813,0.86,1,,74.013,0,0.944,15.974,78.674,0.96,1,,0,0,1,0,0,3,3,0,0,1,2,2,0,1,0
2,HC,28,65.271,0,0,26.683,65.994,0.93,1,,72.855,0,83.725,5.974,9.609,0.99,1,,75.085,2.375,0,61.183,34.44,0.98,1,,0,0,1,0,0,3,3,0,0,1,2,2,0,1,0
2,HC,29,66.799,0,0,11.638,85.822,0.97,1,,74.03,0,95.776,0.066,3.711,1.00,1,,74.112,0,0,19.709,76.046,0.96,1,,0,0,1,0,0,3,3,0,0,1,2,2,0,1,0
2,HC,30,71.652,0.925,32.348,26.238,36.273,0.96,0,,74.255,0,70.161,11.811,13.423,0.95,1,,74.289,0.026,2.186,35.358,52.226,0.90,1,,0,2,0.127516779,0.872483221,0,3,3,0,0,1,2,2,0,1,0
2,HC,31,70.067,0,0,32.365,64.764,0.97,1,,71.579,0.024,58.372,13.343,26.026,0.98,1,,74.064,0.062,0,29.859,64.577,0.95,1,,0,0,1,0,0,3,3,0,0,1,2,2,0,1,0
2,HC,32,70.156,0,0,17.953,78.71,0.97,1,,74.131,0,79.346,0,16.583,0.96,1,,74.143,0,0.927,0.596,70.685,0.72,1,,0,0,1,0,0,3,3,0,0,1,2,2,0,1,0
2,HC,33,70.859,0,0.08,35.579,62.092,0.98,1,,74.427,0,15.318,29.207,51.066,0.96,0,,74.076,0.803,0.906,20.119,69.743,0.92,1,,0,0,1,0,0,2,2,0,1,0,2,2,0,1,0
2,HC,34,66.828,0.557,3.198,18.917,70,0.93,1,,63.105,0.845,47.54,5.163,19.437,0.73,1,,65.353,0.353,60.519,6.861,11.337,0.79,1,,0,0,1,0,0,3,3,0,0,1,2,2,0,1,0
2,HC,35,68.914,0,0,24.641,73.928,0.99,1,,62.735,0,88.19,3.996,5.667,0.98,1,,73.703,0.265,0,16.253,78.796,0.95,1,,0,0,1,0,0,3,3,0,0,1,2,2,0,1,0
2,HC,36,68.853,0,0.642,29.088,63.416,0.93,1,,74.276,0,4.33,42.698,44.36,0.91,0,,73.702,0.45,60.472,19.721,11.924,0.93,1,,0,0,1,0,0,2,2,0,1,0,2,2,0,1,0
2,HC,37,66.713,0,0,29.769,68.335,0.98,1,,74.837,0,26.686,22.349,46.874,0.96,1,,74.521,1.283,2.874,26.947,65.619,0.97,1,,0,0,1,0,0,2,3,0.015898251,0.039745628,0.944356121,2,2,0,1,0
2,HC,38,68.882,0.759,0,24.69,70.059,0.96,1,,74.453,0.806,3.225,42.228,50.003,0.96,0,,74.384,0,0,14.172,82.701,0.97,1,,0,0,1,0,0,2,2,0,1,0,2,2,0,1,0
2,LC,53,69.545,0,3.606,52.595,40.309,0.97,1,,66.389,0,3.662,58.895,35.556,0.98,0,,74.325,0,1.687,58.114,27.797,0.88,1,,0,0,1,0,0,2,2,0,1,0,2,2,0,1,0
2,LC,54,74.413,0,0,27.186,71.973,0.99,1,,74.246,0,71.534,6.457,20.903,0.99,1,,73.967,0,1.762,16.576,80.824,0.99,1,,0,0,1,0,0,3,3,0,0,1,2,2,0,1,0
2,LC,56,63.69,0,0.785,27.706,69.157,0.98,1,,74.472,0,99.569,0,0,1.00,1,,74.561,0,0,35.749,59.542,0.95,1,,0,0,1,0,0,3,3,0,0,1,2,2,0,1,0
2,LC,57,74.683,0,0,61.48,37.746,0.99,1,,74.192,0,53.614,31.104,9.241,0.94,1,,74.523,0,0,51.913,45.801,0.98,1,,0,0,1,0,0,3,3,0,0,1,2,2,0,1,0
2,LC,58,64.999,0,0,16.836,79.45,0.96,1,,74.531,0,91.793,2.547,4.149,0.98,1,,74.545,0,0,40.459,56.138,0.97,1,,0,0,1,0,0,3,3,0,0,1,2,2,0,1,0
2,LC,59,62.556,0.99,27.038,19.05,51.715,0.99,1,,74.045,0,63.524,27.933,6.034,0.97,0,,74.128,0.444,0,39.476,59.486,0.99,1,,0,0,1,0,0,2,2,0,1,0,2,2,0,1,0
2,LC,60,70.148,0,0,33.799,64.508,0.98,1,,74.206,0,57.617,28.071,7.855,0.94,1,,74.03,0.043,1.772,46.337,39.114,0.87,1,,0,0,1,0,0,3,3,0,0,1,2,2,0,1,0
2,LC,61,65.722,0,0,23.221,75.661,0.99,1,,85.151,1.114,40.823,31.511,22.043,0.95,0,,73.924,0,0,27.565,70.765,0.98,1,,0,0,1,0,0,0,2,0.300957592,0.699042408,0,2,2,0,1,0
2,LC,62,70.608,0.372,0,40.692,55.804,0.97,1,,72.664,0,83.369,3.196,8.435,0.95,1,,74.199,0.007,0,41.859,41.387,0.83,1,,0,0,1,0,0,3,3,0,0,1,2,2,0,1,0
2,LC,63,70.702,2.174,0.328,22.801,6.368,0.32,0,mitten im TC abgebogen. nicht verwenden,74.215,0.782,70.491,16.253,7.52,0.95,1,,73.76,0.005,0,49.311,48.187,0.98,1,,0,0,1,0,0,3,3,0,0,1,2,2,0,1,0
2,LC,64,68.129,0,0,35.13,59.998,0.95,1,,73.884,0,0,31.233,63.095,0.94,1,,74.299,0,0,39.423,55.116,0.95,1,,0,0,1,0,0,3,3,0,0,1,2,2,0,1,0
2,LC,66,73.179,0,0.752,65.098,27.504,0.93,1,,73.709,0.969,54.478,28.178,11.567,0.95,1,,74.728,0,0,34.031,61.048,0.95,1,,0,0,1,0,0,2,3,0,0.047001621,0.952998379,2,2,0,1,0
2,LC,67,72.914,0.374,0,20.598,72.137,0.93,1,,73.838,0.249,0.009,9.161,72.547,0.82,0,,74.306,0,59.449,1.604,7.806,0.69,0,,0,0,1,0,0,2,2,0,1,0,3,3,0,0,1
2,LC,69,73.565,0,0,17.353,79.867,0.97,1,,74.102,0.04,25.213,45.636,21.874,0.93,0,,74.122,0,0,6.42,92.008,0.98,1,,0,0,1,0,0,2,2,0,1,0,2,2,0,1,0
2,LC,70,69.974,3.187,0,38.63,54.546,0.96,0,,73.742,0,92.588,0.799,1.559,0.95,1,,73.642,0,0,13.919,81.944,0.96,1,,0,2,0.074137931,0.798275862,0.127586207,3,3,0,0,1,2,2,0,1,0
2,LC,71,,,,,,0.00,0,,74.255,0,82.456,3.702,12.419,0.99,0,,74.399,0,88.749,0,10.086,0.99,0,,0,0,1,0,0,2,2,0,1,0,3,3,0,0,1
2,LC,72,67.346,0,0.848,35.744,51.276,0.88,1,,74.324,0,15.428,24.004,55.013,0.94,0,,62.478,0.269,0,66.737,15.631,0.83,1,,0,0,1,0,0,2,2,0,1,0,0,2,0.122287968,0.877712032,0
2,LC,74,73.671,0.535,0,50.58,45.044,0.96,1,,73.658,0.535,68.768,16.673,9.767,0.96,1,,74.295,0,50.954,21.548,21.361,0.94,1,,0,0,1,0,0,3,3,0,0,1,2,2,0,1,0
2,LC,75,80.526,0.01,0.184,27.539,59.372,0.87,1,,72.838,0.973,11.232,29.141,56.002,0.97,1,,71.399,0,0.599,43.634,52.242,0.96,1,,0,0,1,0,0,3,3,0,0,1,2,2,0,1,0
2,LC,76,73.87,0,0.173,38.024,53.586,0.92,1,,74.289,0,69.045,1.026,1.236,0.71,1,,74.065,0.855,0.675,50.352,36.244,0.88,1,,0,0,1,0,0,3,3,0,0,1,2,2,0,1,0
2,LC,77,69.784,0,0,17.656,73.892,0.92,1,,73.823,0,0,21.346,75.317,0.97,0,,74.044,0.019,0,42.244,50.712,0.93,1,,0,0,1,0,0,2,2,0,1,0,2,2,0,1,0
2,LC,78,71.998,0,0.186,24.692,63.21,0.88,1,,74.39,0,68.189,5.434,11.395,0.85,0,,74,1.486,61.824,6.931,16.196,0.86,0,,0,0,1,0,0,2,2,0,1,0,0,3,0.09478673,0.023696682,0.881516588
2,LC,79,72.81,0,2.567,31.482,62.7,0.97,1,,68.252,0,21.128,14.24,61.043,0.96,0,,66.718,0,1.356,11.112,84.605,0.97,1,,0,0,1,0,0,2,2,0,1,0,2,2,0,1,0
2,LC,80,80.911,1.84,1.254,39.564,54.36,0.97,1,,76.995,0.507,1.261,54.617,38.064,0.94,0,,55.76,0,78.223,8.192,11.126,0.98,0,,0,0,1,0,0,0,0,1,0,0,3,3,0,0,1
2,LC,82,55.351,0,0,14.186,81.012,0.95,1,,74.558,0,61.713,9.338,23.806,0.95,1,,67.978,0,0,24.808,72.251,0.97,0,,0,0,1,0,0,3,3,0,0,1,2,0,0.976702509,0.023297491,0
3,HC,1,71.476,0,90.502,8.965,0,0.99,1,,74.312,74.144,22.582,1.015,0,0.98,1,,74.674,0,71.16,27.044,0,0.98,1,,0,0,1,0,0,3,3,0,0,1,2,2,0,1,0
3,HC,2,56.592,0,83.388,16.577,0,1.00,1,,75.171,0,71.085,26.802,0,0.98,1,,74.781,0,51.318,48.895,0,1.00,1,,0,0,1,0,0,3,3,0,0,1,2,2,0,1,0
3,HC,3,68.454,0,39.277,39.475,0,0.79,1,,74.524,86.587,1.095,4.122,0,0.92,1,,74.675,0.222,49.311,34.567,0,0.84,1,,0,0,1,0,0,3,3,0,0,1,2,2,0,1,0
3,HC,4,65.199,1.923,67.95,21.592,0,0.91,1,,74.896,96.968,1.773,0,0,0.99,1,,74.198,0,45.937,49.799,0,0.96,1,,0,0,1,0,0,3,3,0,0,1,2,2,0,1,0
3,HC,5,69.897,1.167,51.414,30.272,2.122,0.85,1,,75.23,86.977,0.796,0.952,0,0.89,1,,75.167,0,76.342,9.513,0,0.86,1,,0,0,1,0,0,3,3,0,0,1,2,2,0,1,0
3,HC,6,69.553,0,54.545,41.547,0,0.96,1,,74.897,95.63,2.757,0.466,0,0.99,1,,74.759,0,79.114,18.109,0,0.97,1,,0,0,1,0,0,3,3,0,0,1,2,2,0,1,0
3,HC,7,73.499,0,19.185,51.863,0,0.71,1,,76.928,48.864,16.281,6.323,0,0.71,1,,74.96,0,74.791,18.925,0,0.94,1,,0,0,1,0,0,3,3,0,0,1,2,2,0,1,0
3,HC,8,68.92,0,75.015,2.869,0.772,0.79,1,,67.702,6.137,63.5,11.852,0,0.81,1,,69.546,1.862,75.566,4.828,0,0.82,1,,0,0,1,0,0,3,3,0,0,1,2,2,0,1,0
3,HC,9,70.871,0.023,72.395,24.135,0,0.97,1,,75.048,71.615,16.704,8.646,0,0.97,1,,74.669,1.646,66.925,23.549,0.304,0.92,1,,0,0,1,0,0,3,3,0,0,1,2,2,0,1,0
3,HC,10,73.941,0,65.443,27.673,0,0.93,1,,75.419,0,14.923,28.709,0,0.44,0,,74.367,0,33.383,45.336,0,0.79,1,,0,0,1,0,0,2,2,0,1,0,2,2,0,1,0
3,HC,11,72.194,0,68.827,23.32,0,0.92,1,,74.76,84.985,0.765,0,0,0.86,1,,75.447,0,60.358,12.358,0,0.73,1,,0,0,1,0,0,3,3,0,0,1,2,2,0,1,0
3,HC,12,63.505,0.406,83.524,11.415,0,0.95,1,,74.123,9.477,57.981,5.005,0,0.72,1,,75.107,0,73.567,10.758,0,0.84,1,,0,0,1,0,0,3,3,0,0,1,2,2,0,1,0
3,HC,13,70.226,0,82.101,15.192,0,0.97,1,,75.263,96.544,2.615,0,0,0.99,1,,74.261,54.226,9.37,16.423,0,0.80,1,,0,0,1,0,0,3,3,0,0,1,2,2,0,1,0
3,HC,14,69.91,0,74.477,3.479,0,0.78,1,,74.599,0,26.94,51.888,0,0.79,0,,73.886,0,37.375,38.955,0,0.76,1,,0,0,1,0,0,2,2,0,1,0,2,2,0,1,0
3,HC,15,63.762,0,68.334,18.729,0,0.87,1,,75.736,22.852,22.497,37.662,1.232,0.84,1,,74.81,0,55.368,38.118,0,0.93,1,,0,0,1,0,0,3,3,0,0,1,2,2,0,1,0
3,HC,16,79.279,0,1.293,40.257,16.803,0.58,0,FieldCam falsch ausgerichtet,74.983,0,43.855,43.503,0,0.87,0,,74.76,0,31.847,56.007,0,0.88,1,,0,0,1,0,0,2,2,0,1,0,2,2,0,1,0
3,HC,18,73.341,0,72.164,25.101,0,0.97,1,,69.842,2.037,49.442,44.207,0,0.96,0,,73.508,0.318,45.346,45.596,0,0.91,1,,0,0,1,0,0,2,2,0,1,0,2,2,0,1,0
3,HC,19,63.81,0,43.007,44.675,0,0.88,1,,69.287,0.192,47.889,30.062,0,0.78,0,,66.788,11.499,51.391,18.307,0,0.81,1,,0,0,1,0,0,2,2,0,1,0,2,2,0,1,0
3,HC,20,66.879,0,49.093,43.483,0,0.93,1,,74.352,83.601,8.094,3.781,0,0.95,1,,74.295,0,39.117,33.916,0,0.73,1,,0,0,1,0,0,3,3,0,0,1,2,2,0,1,0
3,HC,21,74.198,0,61.667,34.183,0,0.96,1,,74.493,100,0,0,0,1.00,1,,75.491,0,55.469,39.419,0,0.95,1,,0,0,1,0,0,3,3,0,0,1,2,2,0,1,0
3,LC,51,70.601,0,62.978,31.687,0,0.95,1,,74.336,55.807,21.527,18.061,0,0.95,0,,74.375,62.966,20.756,8.352,0,0.92,0,,0,0,1,0,0,2,2,0,1,0,3,3,0,0,1
3,LC,52,70.494,0,71.755,21.368,0,0.93,1,,74.847,41.96,36.259,16.388,0,0.95,1,,74.186,0,63.269,29.985,0,0.93,1,,0,0,1,0,0,3,3,0,0,1,2,2,0,1,0
3,LC,53,71.911,0,56.096,37.834,0.264,0.94,1,,74.918,5.435,67.659,12.108,0.211,0.85,1,,75.031,41.844,40.415,2.39,0,0.85,1,,0,0,1,0,0,3,3,0,0,1,2,2,0,1,0
3,LC,54,68.269,1.172,33.829,47.505,2.848,0.85,1,,74.701,67.975,21.775,5.921,0,0.96,1,,74.087,0,66.747,28.446,0,0.95,1,,0,0,0.872113677,0.055062167,0.072824156,3,3,0,0,1,2,2,0,1,0
3,LC,55,75.862,0,83.996,9.994,0,0.94,1,,85.87,0.562,62.293,25.431,0.212,0.89,0,,82.2,0,60.37,25.606,0.64,0.87,1,,0,0,1,0,0,2,0,0.332425068,0.667574932,0,2,2,0.267525036,0.732474964,0
3,LC,56,53.786,0,24.35,4.176,0.865,0.29,0,Kalibrierung fehlerhaft,70.257,0,16.955,12.221,0,0.29,0,Kalibrierung fehlerhaft,75.185,0,24.626,7.862,0,0.32,0,Kalibrierung fehlerhaft,0,2,0.272727273,0.727272727,0,2,2,0,1,0,2,2,0,1,0
3,LC,57,71.838,0,81.088,15.98,0,0.97,1,,75.248,0,61.925,34.043,3.075,0.99,0,,75.097,74.074,17.455,3.519,0,0.95,0,,0,0,1,0,0,2,2,0,1,0,3,3,0,0,1
3,LC,58,71.844,0,35.899,50.82,0,0.87,1,,72.704,0,42.991,36.638,2.568,0.82,1,,74.2,0,24.943,65.93,0,0.91,1,,0,0,1,0,0,3,3,0,0,1,2,2,0,1,0
3,LC,59,69.796,0,65.891,31.737,0,0.98,1,,74.907,94.053,2.423,2.088,0,0.99,0,,71.159,94.141,0,4.751,0,0.99,1,,0,0,1,0,0,2,2,0,1,0,2,2,0,1,0
3,LC,60,71.119,0.375,65.319,27.242,0,0.93,1,,72.364,0,33.381,52.489,1.861,0.88,1,,74.464,30.442,21.58,37.069,0,0.89,1,,0,0,1,0,0,3,3,0,0,1,2,2,0,1,0
3,LC,61,74.558,0,73.769,21.452,0,0.95,1,,74.541,0,71.021,22.987,0,0.94,0,,74.912,0,31.317,61.249,0,0.93,1,,0,0,1,0,0,2,2,0,1,0,2,2,0,1,0
3,LC,62,75.518,1.818,57.28,28.83,0,0.88,1,,75.785,46.285,20.806,16.165,0,0.83,1,,74.434,6.912,52.726,15.935,0,0.76,1,,0,0,1,0,0,3,3,0,0,1,2,2,0,1,0
3,LC,63,69.861,0,77.58,19.295,0,0.97,1,,74.346,0,50.252,34.879,0,0.85,1,,75.181,70.717,10.25,0,0,0.81,1,,0,0,1,0,0,3,3,0,0,1,2,2,0,1,0
3,LC,64,75.186,1.563,5.094,75.384,0,0.82,1,,76.137,57.508,1.591,21.809,0.218,0.81,0,,74.271,0.405,5.406,74.927,0,0.81,1,,0,0,1,0,0,0,3,0.282371295,0.03900156,0.678627145,2,2,0,1,0
3,LC,65,67.712,0,99.771,0,0,1.00,1,,74.548,21.13,56.526,0,0,0.78,1,,74.702,0,92.604,0,0,0.93,1,,0,0,1,0,0,3,3,0,0,1,2,2,0,1,0
3,LC,66,69.289,0,66.081,28.042,0,0.94,1,,74.419,56.315,8.883,14.616,0,0.80,1,,74.18,0,45.693,38.9,0.532,0.85,1,,0,0,1,0,0,3,3,0,0,1,2,2,0,1,0
3,LC,67,75.599,0,64.362,30.556,0,0.95,1,,74.857,0,64.11,34.068,0,0.98,0,,74.356,37.77,23.34,16.071,0.605,0.78,1,,0,0,1,0,0,2,2,0,1,0,2,2,0,1,0
3,LC,68,77.095,0,84.222,13.057,0,0.97,1,,74.878,0,74.692,23.49,0,0.98,0,,74.138,0,57.321,41.21,0,0.99,1,,0,0,1,0,0,2,2,0,1,0,2,2,0,1,0
3,LC,69,68.318,0.536,53.067,43.131,0,0.97,1,,74.286,93.576,2.217,0,0,0.96,1,,74.109,0,51.131,26.63,0,0.78,1,,0,0,1,0,0,3,3,0,0,1,2,2,0,1,0
3,LC,70,72.686,0,60.47,32.024,0,0.92,1,,74.423,63.013,13.035,16.893,0,0.93,1,,74.759,0,60.817,30.582,0,0.91,1,,0,0,1,0,0,3,3,0,0.015797788,0.984202212,2,2,0,1,0
3,LC,71,70.326,0,71.889,26.195,0,0.98,1,,74.975,78.993,13.235,4.14,0,0.96,1,,74.575,0,54.352,42.899,0,0.97,1,,0,0,1,0,0,3,3,0,0,1,2,2,0,1,0
