"Exp","HMI","VPNr","TC01_duration","TC01_AR_surt","TC01_AR_street","TC01_AR_ic","TC01_AR_wheel","TC01_AR_sum","TC01_valid","TC01_comment","TC04_duration","TC04_AR_surt","TC04_AR_street","TC04_AR_ic","TC04_AR_wheel","TC04_AR_sum","TC04_valid","TC04_comment","TC07_duration","TC07_AR_surt","TC07_AR_street","TC07_AR_ic","TC07_AR_wheel","TC07_AR_sum","TC07_valid","TC07_comment","TC01_lvl_start","TC01_lvl_end","TC01_prop_L0","TC01_prop_L2","TC01_prop_L3","TC04_lvl_start","TC04_lvl_end","TC04_prop_L0","TC04_prop_L2","TC04_prop_L3","TC07_lvl_start","TC07_lvl_end","TC07_prop_L0","TC07_prop_L2","TC07_prop_L3"
1,"HC",1,69.536,1.293,74.242,14.695,0.933,91.16,1,"",72.265,73.489,12.991,1.799,0,88.28,1,"",71.095,0,69.161,27.182,0.772,97.12,1,"",0,0,1,0,0,3,3,0,0,1,2,2,0,1,0
1,"HC",2,65.71,0,62.467,28.499,0.785,91.75,1,"",70.984,24.004,24.073,31.145,0.848,80.07,1,"",71.56,1.544,48.262,39.627,0.823,90.26,1,"",0,0,1,0,0,3,3,0,0,1,2,2,0,1,0
1,"HC",3,73.713,0,89.5,8.696,0,98.2,1,"",72.549,98.861,0.591,0,0,99.45,1,"",71.756,0,65.59,29.949,0,95.54,1,"",0,0,1,0,0,3,3,0,0,1,2,2,0,1,0
1,"HC",4,70.502,0,75.482,17.889,0,93.37,1,"",72.116,71.813,19.607,3.15,0,94.57,1,"",71.903,0,92.284,6.581,0,98.87,1,"",0,0,1,0,0,3,3,0,0,1,2,2,0,1,0
1,"HC",5,70.389,0.426,71.217,27.499,0.307,99.45,1,"",71.146,6.418,76.803,8.855,0,92.08,1,"",70.941,1.147,46.522,48.392,1.9,97.96,1,"",0,0,1,0,0,3,3,0,0,1,2,2,0,1,0
1,"HC",6,71.46,0.97,71.226,22.74,0.735,95.67,1,"",72.487,91.185,2.347,0.563,0,94.1,1,"",71.814,0,70.619,12.265,0,82.88,1,"",0,0,1,0,0,3,3,0,0,1,2,2,0,1,0
1,"HC",7,69.634,0,49.846,43.291,0,93.14,1,"",71.966,76.647,0.207,6.735,0,83.59,1,"",71.812,0,62.991,22.308,0,85.3,1,"",0,0,1,0,0,3,3,0,0,1,2,2,0,1,0
1,"HC",8,72.367,0,71.414,28.887,0,100.3,1,"",71.184,75.473,5.878,12.905,0,94.26,1,"",71.933,0,80.119,18.841,0,98.96,1,"",0,0,1,0,0,3,3,0,0,1,2,2,0,1,0
1,"HC",9,70.668,0,53.876,39.565,0,93.44,1,"",69.394,92.877,0.385,0,0,93.26,1,"",69.887,0.312,59.432,27.632,0.527,87.9,1,"",0,0,1,0,0,3,3,0,0,1,2,2,0,1,0
1,"HC",10,70.268,0,68.373,28.24,0,96.61,1,"",71.976,88.398,5.51,2.195,0,96.1,1,"",71.917,0,74.469,18.425,0,92.89,1,"",0,0,1,0,0,3,3,0,0,1,2,2,0,1,0
1,"HC",11,72.613,0,59.182,37.949,0,97.13,1,"",72.118,95.362,0,2.302,0,97.66,1,"",71.362,1.589,58.336,34.6,0,94.53,1,"",0,0,1,0,0,3,3,0,0,1,2,2,0,1,0
1,"HC",12,69.629,1.567,74.042,17.438,3.105,96.15,1,"",58.652,92.222,1.26,1.127,0,94.61,1,"",72.079,3.283,57.623,28.506,0,89.41,1,"",0,0,1,0,0,3,3,0,0,1,2,2,0,1,0
1,"HC",13,67.811,2.261,46.596,34.893,12.97,96.72,1,"",72.351,82.749,10.996,2.572,0,96.32,1,"",72.505,9.965,26.164,44.022,8.197,88.35,1,"",0,0,1,0,0,3,3,0,0,1,2,2,0,1,0
1,"HC",17,67.69,0,81.188,12.186,0,93.37,1,"",72.145,96.21,1.724,0.207,0,98.14,1,"",72.093,0,82.402,11.801,0,94.2,1,"",0,0,1,0,0,3,3,0,0,1,2,2,0,1,0
1,"HC",18,69.29,0,88.375,8.574,0.827,97.78,1,"",71.317,96.387,0.219,1.719,0,98.33,1,"",71.741,0,80.478,13.848,0,94.33,1,"",0,0,1,0,0,3,3,0,0,1,2,2,0,1,0
1,"HC",19,67.34,0.582,86.329,12.106,0,99.02,1,"",73.511,72.269,6.282,16.2,1.155,95.91,1,"",72.209,1.987,85.145,9.273,0.252,96.66,1,"",0,0,1,0,0,3,3,0,0,1,2,2,0,1,0
1,"HC",20,73.332,0,70.893,27.868,0,98.76,1,"",70.578,89.478,3.256,1.928,0,94.66,1,"",72.159,0,78.198,18.49,0,96.69,1,"",0,0,1,0,0,3,3,0,0,1,2,2,0,1,0
1,"HC",21,78.65,0,78.145,16.056,0,94.2,1,"",72.696,92.859,2.634,1.648,0,97.14,1,"",72.135,0,84.342,10.967,0,95.31,1,"",0,0,1,0,0,3,3,0,0,1,2,2,0,1,0
1,"HC",22,70.677,0,73.053,20.691,0,93.74,1,"",71.951,88.452,1.016,6.756,0,96.22,1,"",71.405,0.57,25.294,63.141,0,89.01,1,"",0,0,1,0,0,3,3,0,0,1,2,2,0,1,0
1,"HC",23,73.774,0,59.434,33.226,0,92.66,1,"",78.01,83.511,6.804,5.826,0.724,96.87,1,"",71.981,0,56.85,35.083,0,91.93,1,"",0,0,1,0,0,0,3,0.029680999,0.00998613,0.960332871,2,2,0,1,0
1,"HC",24,73.067,0,82.842,16.343,0,99.19,1,"",71.624,77.179,10.527,3.923,0,91.63,1,"",71.436,0,87.358,10.696,0,98.05,1,"",0,0,1,0,0,3,3,0,0,1,2,2,0,1,0
1,"HC",25,71.904,0,74.627,24.004,0,98.63,1,"",73.786,79.537,8.037,3.693,0,91.27,1,"",71.672,1.026,45.35,37.68,0,84.06,1,"",0,0,1,0,0,3,3,0,0,1,2,2,0,1,0
1,"LC",51,66.647,0,66.909,33.404,0,100.31,1,"",72.83,87.364,0,10.649,0.168,98.18,1,"",72.016,0,45.994,54.37,0,100.36,1,"",0,0,1,0,0,3,3,0,0,1,2,2,0,1,0
1,"LC",53,65.095,0,65.699,29.778,0,95.48,1,"",72.064,61.473,6.738,22.663,0,90.87,1,"",72.191,0,61.075,34.249,0,95.32,1,"",0,0,1,0,0,3,3,0,0,1,2,2,0,1,0
1,"LC",54,71.088,0,80.074,17.767,0,97.84,1,"",71.663,95.645,1.394,1.69,0,98.73,1,"",71.648,0.74,41.126,57.981,0,99.85,1,"",0,0,1,0,0,3,3,0,0,1,2,2,0,1,0
1,"LC",55,69.925,0,69.865,23.993,0,93.86,1,"",71.785,90.835,3.718,3.265,0,97.82,1,"",71.957,1.705,59.123,29.645,1.702,92.18,1,"",0,0,1,0,0,3,3,0,0,1,2,2,0,1,0
1,"LC",56,74.274,0,80.966,16.018,0,96.98,1,"",72.031,1.447,70.524,20.563,1.272,93.81,1,"",70.793,0,62.075,34.515,0,96.59,1,"",0,0,1,0,0,3,3,0,0,1,2,2,0,1,0
1,"LC",57,75.385,0,82.735,17.189,0,99.92,1,"",70.494,1.338,86.585,11.375,0,99.3,1,"",70.385,0,79.075,20.666,0,99.74,1,"",0,0,1,0,0,3,3,0,0,1,2,2,0,1,0
1,"LC",58,72.434,0,70.826,14.825,0,85.65,1,"",73.049,97.608,0.846,0.364,0,98.82,1,"",71.807,0,77.785,20.084,0,97.87,1,"",0,0,1,0,0,3,3,0,0,1,2,2,0,1,0
1,"LC",59,64.152,0,77.589,17.75,0,95.34,1,"",70.896,95.448,1.234,0.473,0,97.16,1,"",71.217,0,79.21,17.351,0,96.56,1,"",0,0,1,0,0,3,3,0,0,1,2,2,0,1,0
1,"LC",60,71.461,0,73.254,22.825,0,96.08,1,"",70.047,65.659,28.007,3.819,0,97.49,1,"",69.558,0,59.914,37.751,0,97.67,1,"",0,0,1,0,0,3,3,0,0,1,2,2,0,1,0
1,"LC",61,64.516,0,77.713,20.697,0,98.41,1,"",71.797,92.919,0,1.536,0,94.46,1,"",68.766,0,67.129,15.394,0,82.52,1,"",0,0,1,0,0,3,3,0,0,1,2,2,0,1,0
1,"LC",62,75.834,0,77.977,15.129,0,93.11,1,"",71.51,0.885,91.896,2.958,0.192,95.93,1,"",71.283,0,64.25,32.698,0,96.95,1,"",0,0,1,0,0,3,3,0,0,1,2,2,0,1,0
1,"LC",63,66.19,0,74.685,22.683,0,97.37,1,"",72.463,93.347,1.057,1.931,0,96.34,1,"",70.702,0.406,76.185,17.2,0,93.79,1,"",0,0,1,0,0,3,3,0,0,1,2,2,0,1,0
1,"LC",65,68.568,0,58.606,37.221,0,95.83,1,"",72.261,95.583,2.79,0.814,0,99.19,1,"",71.879,0,73.703,24.536,0,98.24,1,"",0,0,1,0,0,3,3,0,0,1,2,2,0,1,0
1,"LC",66,62.876,0,78.765,17.593,0,96.36,1,"",72.715,73.263,13.422,2.301,0,88.99,1,"",71.545,0.233,62.837,29.011,0,92.08,1,"",0,0,1,0,0,3,3,0,0,1,2,2,0,1,0
1,"LC",67,72.201,0,93.636,5.853,0,99.49,1,"",71.951,0.4,57.072,33.986,2.275,93.73,1,"",70.313,0,79.029,19.956,0,98.99,1,"",0,0,1,0,0,3,3,0,0,1,2,2,0,1,0
1,"LC",68,70.52,0,69.986,20.296,0,90.28,1,"",72.162,97.758,0.88,0.18,0,98.82,1,"",71.698,0,56.336,37.606,0,93.94,1,"",0,0,1,0,0,3,3,0,0,1,2,2,0,1,0
1,"LC",69,73.473,0,74.774,24.178,0,98.95,1,"",72.377,96.821,0,0.231,0,97.05,1,"",71.294,0,61.934,34.22,0,96.15,1,"",0,0,1,0,0,3,3,0,0,1,2,2,0,1,0
1,"LC",70,61.909,0,77.045,16.742,0.375,94.16,1,"",72.155,65.406,10.375,15.953,0,91.73,1,"",71.567,0.356,35.768,50.423,0,86.55,1,"",0,0,1,0,0,3,3,0,0,1,2,2,0,1,0
1,"LC",71,70.456,0,87.497,12.72,0,100.22,1,"",71.067,97.232,0,1.727,0,98.96,1,"",71.741,0,51.556,47.048,0,98.6,1,"",0,0,1,0,0,3,3,0,0,1,2,2,0,1,0
1,"LC",72,70.938,0,64.019,36.22,0,100.24,1,"",72.097,98.797,0,0.786,0,99.58,1,"",72.331,0,78.58,18.171,0,96.75,1,"",0,0,1,0,0,3,3,0,0,1,2,2,0,1,0
1,"LC",73,74.649,0,82.758,15.2,0,97.96,1,"",72.593,91.159,0.284,0.205,0,91.65,1,"",70.415,0,68.447,31.255,0,99.7,1,"",0,0,1,0,0,3,3,0,0,1,2,2,0,1,0
1,"LC",74,69.919,0,76.534,22.277,0,98.81,1,"",72.602,70.678,8.54,14.628,0,93.85,1,"",71.212,0.365,57.106,41.492,0,98.96,1,"",0,0,1,0,0,3,3,0,0,1,2,2,0,1,0
1,"LC",75,70.324,0,78.545,20.895,0,99.44,1,"",72.194,1.52,66.903,29.858,0,98.28,1,"",69.914,27.338,45.513,24.187,0,97.04,1,"",0,0,1,0,0,3,3,0,0,1,2,2,0,1,0
1,"LC",76,73.297,0,76.726,19.2,0,95.93,1,"",64.059,76.259,17.676,0.234,0,94.17,1,"",81.881,0.308,81.919,14.249,0,96.48,1,"",0,0,1,0,0,0,3,0.002504174,0.010016694,0.987479132,2,2,0,1,0
1,"LC",77,72.721,0,77.943,20.969,0,98.91,1,"",74.231,94.601,0.742,3.059,0,98.4,1,"",72.216,0,91.552,8.559,0,100.11,1,"",0,0,1,0,0,3,3,0,0,1,2,2,0,1,0
2,"HC",4,73.511,0,77.331,22.726,0,100.06,1,"",69.238,94.928,4.477,0,0,99.41,1,"",74.641,0,85.942,12.694,0,98.64,1,"",0,0,1,0,0,3,3,0,0,1,2,2,0,1,0
2,"HC",6,NA,NA,NA,NA,NA,NA,0,"",83.222,59.435,13.791,20.764,1.067,95.06,1,"",74.461,0.179,63.631,36.349,0,100.16,1,"",NA,NA,NA,NA,NA,3,3,0.282087447,0.009873061,0.708039492,2,2,0,1,0
2,"HC",7,NA,NA,NA,NA,NA,NA,0,"",NA,NA,NA,NA,NA,NA,0,"",74.443,0.865,69.356,21.689,0,91.91,1,"",NA,NA,NA,NA,NA,NA,NA,NA,NA,NA,2,2,0,1,0
2,"HC",8,70.128,0,63.025,28.602,0,91.63,1,"",NA,NA,NA,NA,NA,NA,0,"",73.125,0,45.823,42.438,0,88.26,1,"",0,0,1,0,0,NA,NA,NA,NA,NA,2,2,0,1,0
2,"HC",9,74.775,0,65.935,26.07,0,92.01,1,"",74.09,91.165,2.937,3.982,0,98.08,1,"",74.434,0,76.164,19.667,0,95.83,1,"",0,0,1,0,0,3,3,0,0,1,2,2,0,1,0
2,"HC",10,62.303,0,71.666,25.578,0,97.24,1,"",78.075,90.253,4.07,4.232,0,98.56,1,"",74.304,0.017,86.707,10.707,0,97.43,1,"",0,0,1,0,0,3,3,0,0,1,2,2,0,1,0
2,"HC",11,NA,NA,NA,NA,NA,NA,0,"",74.291,64.032,1.859,7.761,0,73.65,1,"",74.274,0.162,57.739,30.584,0.071,88.56,1,"",NA,NA,NA,NA,NA,3,3,0,0,1,2,2,0,1,0
2,"HC",13,72.653,0,1.1,83.454,0,84.55,1,"",74.698,96.79,1.36,0.021,0,98.17,1,"",74.478,0.796,26.111,49.476,0,76.38,1,"",0,0,1,0,0,3,3,0,0,1,2,2,0,1,0
2,"HC",14,NA,NA,NA,NA,NA,NA,0,"",74.569,93.004,1.489,3.894,0,98.39,1,"",74.607,0,38.617,44.637,0.227,83.48,1,"",NA,NA,NA,NA,NA,3,3,0,0,1,2,2,0,1,0
2,"HC",15,66.474,0.915,24.428,47.11,0,72.45,1,"",71.829,64.131,8.346,20.428,0.043,92.95,1,"",75.173,1.064,42.513,33.324,1.039,77.94,1,"",0,0,1,0,0,0,3,0.16722408,0.013377926,0.819397993,2,2,0.034810127,0.965189873,0
2,"HC",16,73.3,0,63.939,33.438,0,97.38,1,"",74.8,91.587,1.699,0,0,93.29,1,"",73.732,0,67.55,29.146,0,96.7,1,"",0,0,1,0,0,3,3,0,0,1,2,2,0,1,0
2,"HC",17,69.703,0,74.271,22.998,0,97.27,1,"",73.78,63.596,17.575,7.785,0,88.96,1,"",74.24,0.35,45.618,40.35,0.036,86.35,1,"",0,0,1,0,0,3,3,0,0,1,2,2,0,1,0
2,"HC",18,63.556,2.03,77.599,0,0,79.63,1,"",73.602,85.155,7.06,0,0.511,92.73,1,"",72.194,0,86.542,11.203,0,97.75,1,"",0,0,1,0,0,3,3,0,0,1,2,2,0,1,0
2,"HC",19,71.231,2.015,63.964,27.513,0,93.49,1,"",74.229,94.549,1.45,3.094,0,99.09,1,"",74.428,1.626,69.356,22.567,0,93.55,1,"",0,0,1,0,0,3,3,0,0,1,2,2,0,1,0
2,"HC",20,65.819,0.1,78.467,19.016,0,97.58,1,"",74.057,63.185,19.816,14.81,0.922,98.73,1,"",74.021,0.607,60.933,34.308,0.585,96.43,1,"",0,0,1,0,0,2,3,0,0.1352657,0.8647343,2,2,0,1,0
2,"HC",21,71.696,0,74.954,20.471,0,95.43,1,"",74.184,94.814,2.057,2.354,0,99.23,1,"",74.279,0.18,73.633,20.548,0,94.36,1,"",0,0,1,0,0,3,3,0,0,1,2,2,0,1,0
2,"HC",23,71.102,0,51.88,40.756,0,92.64,1,"",74.271,85.678,6.132,5.313,0,97.12,1,"",74.089,1.442,61.522,24.12,0,87.08,1,"",0,0,1,0,0,3,3,0,0,1,2,2,0,1,0
2,"HC",24,79.196,0.325,48.451,49.687,0,98.46,1,"",74.084,75,10.489,3.484,0,88.97,1,"",74.345,0,43.583,54.827,0,98.41,1,"",0,0,1,0,0,3,3,0,0,1,2,2,0,1,0
2,"HC",25,69.859,0,72.731,24.051,0,96.78,1,"",73.967,64.702,12.842,20.661,0,98.21,1,"",73.793,0.022,83.565,12.363,0,95.95,1,"",0,0,1,0,0,3,3,0,0,1,2,2,0,1,0
2,"HC",26,66.064,0.781,51.349,45.353,0,97.48,1,"",73.97,96.292,2.943,0,0,99.24,1,"",74.171,0,35.705,61.188,0,96.89,1,"",0,0,1,0,0,3,3,0,0,1,2,2,0,1,0
2,"HC",27,81.511,0,66.019,30.379,0,96.4,1,"",74.099,43.712,26.813,14.999,0,85.52,1,"",74.013,0.944,78.674,15.974,0,95.59,1,"",0,0,1,0,0,3,3,0,0,1,2,2,0,1,0
2,"HC",28,65.271,0,65.994,26.683,0,92.68,1,"",72.855,83.725,9.609,5.974,0,99.31,1,"",75.085,0,34.44,61.183,2.375,98,1,"",0,0,1,0,0,3,3,0,0,1,2,2,0,1,0
2,"HC",29,66.799,0,85.822,11.638,0,97.46,1,"",74.03,95.776,3.711,0.066,0,99.55,1,"",74.112,0,76.046,19.709,0,95.76,1,"",0,0,1,0,0,3,3,0,0,1,2,2,0,1,0
2,"HC",30,NA,NA,NA,NA,NA,NA,0,"",74.255,70.161,13.423,11.811,0,95.4,1,"",74.289,2.186,52.226,35.358,0.026,89.8,1,"",NA,NA,NA,NA,NA,3,3,0,0,1,2,2,0,1,0
2,"HC",31,70.067,0,64.764,32.365,0,97.13,1,"",71.579,58.372,26.026,13.343,0.024,97.77,1,"",74.064,0,64.577,29.859,0.062,94.5,1,"",0,0,1,0,0,3,3,0,0,1,2,2,0,1,0
2,"HC",32,70.156,0,78.71,17.953,0,96.66,1,"",74.131,79.346,16.583,0,0,95.93,1,"",74.143,0.927,70.685,0.596,0,72.21,1,"",0,0,1,0,0,3,3,0,0,1,2,2,0,1,0
2,"HC",33,70.859,0.08,62.092,35.579,0,97.75,1,"",NA,NA,NA,NA,NA,NA,0,"",74.076,0.906,69.743,20.119,0.803,91.57,1,"",0,0,1,0,0,NA,NA,NA,NA,NA,2,2,0,1,0
2,"HC",34,66.828,3.198,70,18.917,0.557,92.67,1,"",63.105,47.54,19.437,5.163,0.845,72.99,1,"",65.353,60.519,11.337,6.861,0.353,79.07,1,"",0,0,1,0,0,3,3,0,0,1,2,2,0,1,0
2,"HC",35,68.914,0,73.928,24.641,0,98.57,1,"",62.735,88.19,5.667,3.996,0,97.85,1,"",73.703,0,78.796,16.253,0.265,95.31,1,"",0,0,1,0,0,3,3,0,0,1,2,2,0,1,0
2,"HC",36,68.853,0.642,63.416,29.088,0,93.15,1,"",NA,NA,NA,NA,NA,NA,0,"",73.702,60.472,11.924,19.721,0.45,92.57,1,"",0,0,1,0,0,NA,NA,NA,NA,NA,2,2,0,1,0
2,"HC",37,66.713,0,68.335,29.769,0,98.1,1,"",74.837,26.686,46.874,22.349,0,95.91,1,"",74.521,2.874,65.619,26.947,1.283,96.72,1,"",0,0,1,0,0,2,3,0.015898251,0.039745628,0.944356121,2,2,0,1,0
2,"HC",38,68.882,0,70.059,24.69,0.759,95.51,1,"",NA,NA,NA,NA,NA,NA,0,"",74.384,0,82.701,14.172,0,96.87,1,"",0,0,1,0,0,NA,NA,NA,NA,NA,2,2,0,1,0
2,"LC",53,69.545,3.606,40.309,52.595,0,96.51,1,"",NA,NA,NA,NA,NA,NA,0,"",74.325,1.687,27.797,58.114,0,87.6,1,"",0,0,1,0,0,NA,NA,NA,NA,NA,2,2,0,1,0
2,"LC",54,74.413,0,71.973,27.186,0,99.16,1,"",74.246,71.534,20.903,6.457,0,98.89,1,"",73.967,1.762,80.824,16.576,0,99.16,1,"",0,0,1,0,0,3,3,0,0,1,2,2,0,1,0
2,"LC",56,63.69,0.785,69.157,27.706,0,97.65,1,"",74.472,99.569,0,0,0,99.57,1,"",74.561,0,59.542,35.749,0,95.29,1,"",0,0,1,0,0,3,3,0,0,1,2,2,0,1,0
2,"LC",57,74.683,0,37.746,61.48,0,99.23,1,"",74.192,53.614,9.241,31.104,0,93.96,1,"",74.523,0,45.801,51.913,0,97.71,1,"",0,0,1,0,0,3,3,0,0,1,2,2,0,1,0
2,"LC",58,64.999,0,79.45,16.836,0,96.29,1,"",74.531,91.793,4.149,2.547,0,98.49,1,"",74.545,0,56.138,40.459,0,96.6,1,"",0,0,1,0,0,3,3,0,0,1,2,2,0,1,0
2,"LC",59,62.556,27.038,51.715,19.05,0.99,98.79,1,"",NA,NA,NA,NA,NA,NA,0,"",74.128,0,59.486,39.476,0.444,99.41,1,"",0,0,1,0,0,NA,NA,NA,NA,NA,2,2,0,1,0
2,"LC",60,70.148,0,64.508,33.799,0,98.31,1,"",74.206,57.617,7.855,28.071,0,93.54,1,"",74.03,1.772,39.114,46.337,0.043,87.27,1,"",0,0,1,0,0,3,3,0,0,1,2,2,0,1,0
2,"LC",61,65.722,0,75.661,23.221,0,98.88,1,"",NA,NA,NA,NA,NA,NA,0,"",73.924,0,70.765,27.565,0,98.33,1,"",0,0,1,0,0,NA,NA,NA,NA,NA,2,2,0,1,0
2,"LC",62,70.608,0,55.804,40.692,0.372,96.87,1,"",72.664,83.369,8.435,3.196,0,95,1,"",74.199,0,41.387,41.859,0.007,83.25,1,"",0,0,1,0,0,3,3,0,0,1,2,2,0,1,0
2,"LC",63,NA,NA,NA,NA,NA,NA,0,"mitten im TC abgebogen. nicht verwenden",74.215,70.491,7.52,16.253,0.782,95.05,1,"",73.76,0,48.187,49.311,0.005,97.5,1,"",NA,NA,NA,NA,NA,3,3,0,0,1,2,2,0,1,0
2,"LC",64,68.129,0,59.998,35.13,0,95.13,1,"",73.884,0,63.095,31.233,0,94.33,1,"",74.299,0,55.116,39.423,0,94.54,1,"",0,0,1,0,0,3,3,0,0,1,2,2,0,1,0
2,"LC",66,73.179,0.752,27.504,65.098,0,93.35,1,"",73.709,54.478,11.567,28.178,0.969,95.19,1,"",74.728,0,61.048,34.031,0,95.08,1,"",0,0,1,0,0,2,3,0,0.047001621,0.952998379,2,2,0,1,0
2,"LC",67,72.914,0,72.137,20.598,0.374,93.11,1,"",NA,NA,NA,NA,NA,NA,0,"",NA,NA,NA,NA,NA,NA,0,"",0,0,1,0,0,NA,NA,NA,NA,NA,NA,NA,NA,NA,NA
2,"LC",69,73.565,0,79.867,17.353,0,97.22,1,"",NA,NA,NA,NA,NA,NA,0,"",74.122,0,92.008,6.42,0,98.43,1,"",0,0,1,0,0,NA,NA,NA,NA,NA,2,2,0,1,0
2,"LC",70,NA,NA,NA,NA,NA,NA,0,"",73.742,92.588,1.559,0.799,0,94.95,1,"",73.642,0,81.944,13.919,0,95.86,1,"",NA,NA,NA,NA,NA,3,3,0,0,1,2,2,0,1,0
2,"LC",71,NA,NA,NA,NA,NA,NA,0,"",NA,NA,NA,NA,NA,NA,0,"",NA,NA,NA,NA,NA,NA,0,"",NA,NA,NA,NA,NA,NA,NA,NA,NA,NA,NA,NA,NA,NA,NA
2,"LC",72,67.346,0.848,51.276,35.744,0,87.87,1,"",NA,NA,NA,NA,NA,NA,0,"",62.478,0,15.631,66.737,0.269,82.64,1,"",0,0,1,0,0,NA,NA,NA,NA,NA,0,2,0.122287968,0.877712032,0
2,"LC",74,73.671,0,45.044,50.58,0.535,96.16,1,"",73.658,68.768,9.767,16.673,0.535,95.74,1,"",74.295,50.954,21.361,21.548,0,93.86,1,"",0,0,1,0,0,3,3,0,0,1,2,2,0,1,0
2,"LC",75,80.526,0.184,59.372,27.539,0.01,87.11,1,"",72.838,11.232,56.002,29.141,0.973,97.35,1,"",71.399,0.599,52.242,43.634,0,96.48,1,"",0,0,1,0,0,3,3,0,0,1,2,2,0,1,0
2,"LC",76,73.87,0.173,53.586,38.024,0,91.78,1,"",74.289,69.045,1.236,1.026,0,71.31,1,"",74.065,0.675,36.244,50.352,0.855,88.13,1,"",0,0,1,0,0,3,3,0,0,1,2,2,0,1,0
2,"LC",77,69.784,0,73.892,17.656,0,91.55,1,"",NA,NA,NA,NA,NA,NA,0,"",74.044,0,50.712,42.244,0.019,92.98,1,"",0,0,1,0,0,NA,NA,NA,NA,NA,2,2,0,1,0
2,"LC",78,71.998,0.186,63.21,24.692,0,88.09,1,"",NA,NA,NA,NA,NA,NA,0,"",NA,NA,NA,NA,NA,NA,0,"",0,0,1,0,0,NA,NA,NA,NA,NA,NA,NA,NA,NA,NA
2,"LC",79,72.81,2.567,62.7,31.482,0,96.75,1,"",NA,NA,NA,NA,NA,NA,0,"",66.718,1.356,84.605,11.112,0,97.07,1,"",0,0,1,0,0,NA,NA,NA,NA,NA,2,2,0,1,0
2,"LC",80,80.911,1.254,54.36,39.564,1.84,97.02,1,"",NA,NA,NA,NA,NA,NA,0,"",NA,NA,NA,NA,NA,NA,0,"",0,0,1,0,0,NA,NA,NA,NA,NA,NA,NA,NA,NA,NA
2,"LC",82,55.351,0,81.012,14.186,0,95.2,1,"",74.558,61.713,23.806,9.338,0,94.86,1,"",NA,NA,NA,NA,NA,NA,0,"",0,0,1,0,0,3,3,0,0,1,NA,NA,NA,NA,NA
3,"HC",1,71.476,0,90.502,8.965,0,99.47,1,"",74.312,74.144,22.582,1.015,0,97.74,1,"",74.674,0,71.16,27.044,0,98.2,1,"",0,0,1,0,0,3,3,0,0,1,2,2,0,1,0
3,"HC",2,56.592,0,83.388,16.577,0,99.97,1,"",75.171,0,71.085,26.802,0,97.89,1,"",74.781,0,51.318,48.895,0,100.21,1,"",0,0,1,0,0,3,3,0,0,1,2,2,0,1,0
3,"HC",3,68.454,0,39.277,39.475,0,78.75,1,"",74.524,86.587,1.095,4.122,0,91.8,1,"",74.675,0.222,49.311,34.567,0,84.1,1,"",0,0,1,0,0,3,3,0,0,1,2,2,0,1,0
3,"HC",4,65.199,1.923,67.95,21.592,0,91.47,1,"",74.896,96.968,1.773,0,0,98.74,1,"",74.198,0,45.937,49.799,0,95.74,1,"",0,0,1,0,0,3,3,0,0,1,2,2,0,1,0
3,"HC",5,69.897,1.167,51.414,30.272,2.122,84.98,1,"",75.23,86.977,0.796,0.952,0,88.73,1,"",75.167,0,76.342,9.513,0,85.86,1,"",0,0,1,0,0,3,3,0,0,1,2,2,0,1,0
3,"HC",6,69.553,0,54.545,41.547,0,96.09,1,"",74.897,95.63,2.757,0.466,0,98.85,1,"",74.759,0,79.114,18.109,0,97.22,1,"",0,0,1,0,0,3,3,0,0,1,2,2,0,1,0
3,"HC",7,73.499,0,19.185,51.863,0,71.05,1,"",76.928,48.864,16.281,6.323,0,71.47,1,"",74.96,0,74.791,18.925,0,93.72,1,"",0,0,1,0,0,3,3,0,0,1,2,2,0,1,0
3,"HC",8,68.92,0,75.015,2.869,0.772,78.66,1,"",67.702,6.137,63.5,11.852,0,81.49,1,"",69.546,1.862,75.566,4.828,0,82.26,1,"",0,0,1,0,0,3,3,0,0,1,2,2,0,1,0
3,"HC",9,70.871,0.023,72.395,24.135,0,96.55,1,"",75.048,71.615,16.704,8.646,0,96.97,1,"",74.669,1.646,66.925,23.549,0.304,92.42,1,"",0,0,1,0,0,3,3,0,0,1,2,2,0,1,0
3,"HC",10,73.941,0,65.443,27.673,0,93.12,1,"",NA,NA,NA,NA,NA,NA,0,"",74.367,0,33.383,45.336,0,78.72,1,"",0,0,1,0,0,NA,NA,NA,NA,NA,2,2,0,1,0
3,"HC",11,72.194,0,68.827,23.32,0,92.15,1,"",74.76,84.985,0.765,0,0,85.75,1,"",75.447,0,60.358,12.358,0,72.72,1,"",0,0,1,0,0,3,3,0,0,1,2,2,0,1,0
3,"HC",12,63.505,0.406,83.524,11.415,0,95.35,1,"",74.123,9.477,57.981,5.005,0,72.46,1,"",75.107,0,73.567,10.758,0,84.33,1,"",0,0,1,0,0,3,3,0,0,1,2,2,0,1,0
3,"HC",13,70.226,0,82.101,15.192,0,97.29,1,"",75.263,96.544,2.615,0,0,99.16,1,"",74.261,54.226,9.37,16.423,0,80.02,1,"",0,0,1,0,0,3,3,0,0,1,2,2,0,1,0
3,"HC",14,69.91,0,74.477,3.479,0,77.96,1,"",NA,NA,NA,NA,NA,NA,0,"",73.886,0,37.375,38.955,0,76.33,1,"",0,0,1,0,0,NA,NA,NA,NA,NA,2,2,0,1,0
3,"HC",15,63.762,0,68.334,18.729,0,87.06,1,"",75.736,22.852,22.497,37.662,1.232,84.24,1,"",74.81,0,55.368,38.118,0,93.49,1,"",0,0,1,0,0,3,3,0,0,1,2,2,0,1,0
3,"HC",16,NA,NA,NA,NA,NA,NA,0,"FieldCam falsch ausgerichtet",NA,NA,NA,NA,NA,NA,0,"",74.76,0,31.847,56.007,0,87.85,1,"",NA,NA,NA,NA,NA,NA,NA,NA,NA,NA,2,2,0,1,0
3,"HC",18,73.341,0,72.164,25.101,0,97.27,1,"",NA,NA,NA,NA,NA,NA,0,"",73.508,0.318,45.346,45.596,0,91.26,1,"",0,0,1,0,0,NA,NA,NA,NA,NA,2,2,0,1,0
3,"HC",19,63.81,0,43.007,44.675,0,87.68,1,"",NA,NA,NA,NA,NA,NA,0,"",66.788,11.499,51.391,18.307,0,81.2,1,"",0,0,1,0,0,NA,NA,NA,NA,NA,2,2,0,1,0
3,"HC",20,66.879,0,49.093,43.483,0,92.58,1,"",74.352,83.601,8.094,3.781,0,95.48,1,"",74.295,0,39.117,33.916,0,73.03,1,"",0,0,1,0,0,3,3,0,0,1,2,2,0,1,0
3,"HC",21,74.198,0,61.667,34.183,0,95.85,1,"",74.493,100,0,0,0,100,1,"",75.491,0,55.469,39.419,0,94.89,1,"",0,0,1,0,0,3,3,0,0,1,2,2,0,1,0
3,"LC",51,70.601,0,62.978,31.687,0,94.67,1,"",NA,NA,NA,NA,NA,NA,0,"",NA,NA,NA,NA,NA,NA,0,"",0,0,1,0,0,NA,NA,NA,NA,NA,NA,NA,NA,NA,NA
3,"LC",52,70.494,0,71.755,21.368,0,93.12,1,"",74.847,41.96,36.259,16.388,0,94.61,1,"",74.186,0,63.269,29.985,0,93.25,1,"",0,0,1,0,0,3,3,0,0,1,2,2,0,1,0
3,"LC",53,71.911,0,56.096,37.834,0.264,94.19,1,"",74.918,5.435,67.659,12.108,0.211,85.41,1,"",75.031,41.844,40.415,2.39,0,84.65,1,"",0,0,1,0,0,3,3,0,0,1,2,2,0,1,0
3,"LC",54,68.269,1.172,33.829,47.505,2.848,85.35,1,"",74.701,67.975,21.775,5.921,0,95.67,1,"",74.087,0,66.747,28.446,0,95.19,1,"",0,0,0.872113677,0.055062167,0.072824156,3,3,0,0,1,2,2,0,1,0
3,"LC",55,75.862,0,83.996,9.994,0,93.99,1,"",NA,NA,NA,NA,NA,NA,0,"",82.2,0,60.37,25.606,0.64,86.62,1,"",0,0,1,0,0,NA,NA,NA,NA,NA,2,2,0.267525036,0.732474964,0
3,"LC",56,NA,NA,NA,NA,NA,NA,0,"Kalibrierung fehlerhaft",NA,NA,NA,NA,NA,NA,0,"Kalibrierung fehlerhaft",NA,NA,NA,NA,NA,NA,0,"Kalibrierung fehlerhaft",NA,NA,NA,NA,NA,NA,NA,NA,NA,NA,NA,NA,NA,NA,NA
3,"LC",57,71.838,0,81.088,15.98,0,97.07,1,"",NA,NA,NA,NA,NA,NA,0,"",NA,NA,NA,NA,NA,NA,0,"",0,0,1,0,0,NA,NA,NA,NA,NA,NA,NA,NA,NA,NA
3,"LC",58,71.844,0,35.899,50.82,0,86.72,1,"",72.704,0,42.991,36.638,2.568,82.2,1,"",74.2,0,24.943,65.93,0,90.87,1,"",0,0,1,0,0,3,3,0,0,1,2,2,0,1,0
3,"LC",59,69.796,0,65.891,31.737,0,97.63,1,"",NA,NA,NA,NA,NA,NA,0,"",71.159,94.141,0,4.751,0,98.89,1,"",0,0,1,0,0,NA,NA,NA,NA,NA,2,2,0,1,0
3,"LC",60,71.119,0.375,65.319,27.242,0,92.94,1,"",72.364,0,33.381,52.489,1.861,87.73,1,"",74.464,30.442,21.58,37.069,0,89.09,1,"",0,0,1,0,0,3,3,0,0,1,2,2,0,1,0
3,"LC",61,74.558,0,73.769,21.452,0,95.22,1,"",NA,NA,NA,NA,NA,NA,0,"",74.912,0,31.317,61.249,0,92.57,1,"",0,0,1,0,0,NA,NA,NA,NA,NA,2,2,0,1,0
3,"LC",62,75.518,1.818,57.28,28.83,0,87.93,1,"",75.785,46.285,20.806,16.165,0,83.26,1,"",74.434,6.912,52.726,15.935,0,75.57,1,"",0,0,1,0,0,3,3,0,0,1,2,2,0,1,0
3,"LC",63,69.861,0,77.58,19.295,0,96.88,1,"",74.346,0,50.252,34.879,0,85.13,1,"",75.181,70.717,10.25,0,0,80.97,1,"",0,0,1,0,0,3,3,0,0,1,2,2,0,1,0
3,"LC",64,75.186,1.563,5.094,75.384,0,82.04,1,"",NA,NA,NA,NA,NA,NA,0,"",74.271,0.405,5.406,74.927,0,80.74,1,"",0,0,1,0,0,NA,NA,NA,NA,NA,2,2,0,1,0
3,"LC",65,67.712,0,99.771,0,0,99.77,1,"",74.548,21.13,56.526,0,0,77.66,1,"",74.702,0,92.604,0,0,92.6,1,"",0,0,1,0,0,3,3,0,0,1,2,2,0,1,0
3,"LC",66,69.289,0,66.081,28.042,0,94.12,1,"",74.419,56.315,8.883,14.616,0,79.81,1,"",74.18,0,45.693,38.9,0.532,85.13,1,"",0,0,1,0,0,3,3,0,0,1,2,2,0,1,0
3,"LC",67,75.599,0,64.362,30.556,0,94.92,1,"",NA,NA,NA,NA,NA,NA,0,"",74.356,37.77,23.34,16.071,0.605,77.79,1,"",0,0,1,0,0,NA,NA,NA,NA,NA,2,2,0,1,0
3,"LC",68,77.095,0,84.222,13.057,0,97.28,1,"",NA,NA,NA,NA,NA,NA,0,"",74.138,0,57.321,41.21,0,98.53,1,"",0,0,1,0,0,NA,NA,NA,NA,NA,2,2,0,1,0
3,"LC",69,68.318,0.536,53.067,43.131,0,96.73,1,"",74.286,93.576,2.217,0,0,95.79,1,"",74.109,0,51.131,26.63,0,77.76,1,"",0,0,1,0,0,3,3,0,0,1,2,2,0,1,0
3,"LC",70,72.686,0,60.47,32.024,0,92.49,1,"",74.423,63.013,13.035,16.893,0,92.94,1,"",74.759,0,60.817,30.582,0,91.4,1,"",0,0,1,0,0,3,3,0,0.015797788,0.984202212,2,2,0,1,0
3,"LC",71,70.326,0,71.889,26.195,0,98.08,1,"",74.975,78.993,13.235,4.14,0,96.37,1,"",74.575,0,54.352,42.899,0,97.25,1,"",0,0,1,0,0,3,3,0,0,1,2,2,0,1,0
